241,Ga0072682_114860,3300005099,3300005099 assembled Ga0072682_1148603,Ga0072682_1148603,"Methyl coenzyme M reductase, alpha subunit","Hydrothermal sediment microbial communities from the Guaymas Basin, Gulf of California, Pacific Ocean - 10, 8-11cmbsf (*) (MER-FS) (assembled)",1,213,NA,*Microbiome,Permanent Draft,Hydrothermal sediment in Guaymas,"Hydrothermal sediment microbial communities from the Guaymas Basin, Gulf of California, Pacific Ocean - 10, 8-11cmbsf",Beijing Genomics Institute (BGI),Environmental,Aquatic,Marine,Unclassified,Unclassified,Hydrothermal sediment in Guaymas,NA,NA,NA,NA,NA,NA,NA,,,,Complete,Metagenome,Environmental,Aquatic,Unclassified,Marine,Unclassified,marine,,,,NA,234918618,276075,3300005099 assembled Ga0072682_114860,3300005099,assembled,"Hydrothermal sediment microbial communities from the Guaymas Basin, Gulf of California, Pacific Ocean - 10, 8-11cmbsf (*)",4,3530,Archaea,Euryarchaeota,Methanomicrobia,,,,,Archaea; Euryarchaeota; Methanomicrobia,75,Archaea,Euryarchaeota,Methanomicrobia,,,,,Archaea; Euryarchaeota; Methanomicrobia,100,,,,,,,,,NA,NA,NA,Environmental,Aquatic,Marine,Unclassified,Unclassified,marine,
316,Ga0074260_126,3300005373,3300005373 assembled Ga0074260_1264,Ga0074260_1264,"Methyl coenzyme M reductase, alpha subunit","Marine sediment archaeal communities from Eel River Basin, California, USA (*) (MER-FS) (assembled)",1,230,NA,*Microbiome,Permanent Draft,"Marine sediment archaeal communities from Eel River Basin, California, USA","Marine sediment archaeal communities from Eel River Basin, California, USA",DOE Joint Genome Institute  (JGI),Environmental,Aquatic,Marine,Neritic zone,Unclassified,"Marine sediment archaeal communities from Eel River Basin, California, USA",NA,NA,NA,NA,NA,NA,NA,,,,Complete,Metagenome,Environmental,Aquatic,Neritic zone/Coastal water,Marine,Unclassified,Marine sediment,,,,NA,2116258,2403,3300005373 assembled Ga0074260_126,3300005373,assembled,"Marine sediment archaeal communities from Eel River Basin, California, USA (*)",24,25119,,,,,,,,,NA,,,,,,,,,NA,,,,,,,,,NA,NA,NA,Environmental,Aquatic,Marine,Neritic zone,Unclassified,Marine sediment,
319,Ga0074260_152,3300005373,3300005373 assembled Ga0074260_15228,Ga0074260_15228,"Methyl coenzyme M reductase, alpha subunit","Marine sediment archaeal communities from Eel River Basin, California, USA (*) (MER-FS) (assembled)",1,230,NA,*Microbiome,Permanent Draft,"Marine sediment archaeal communities from Eel River Basin, California, USA","Marine sediment archaeal communities from Eel River Basin, California, USA",DOE Joint Genome Institute  (JGI),Environmental,Aquatic,Marine,Neritic zone,Unclassified,"Marine sediment archaeal communities from Eel River Basin, California, USA",NA,NA,NA,NA,NA,NA,NA,,,,Complete,Metagenome,Environmental,Aquatic,Neritic zone/Coastal water,Marine,Unclassified,Marine sediment,,,,NA,2116258,2403,3300005373 assembled Ga0074260_152,3300005373,assembled,"Marine sediment archaeal communities from Eel River Basin, California, USA (*)",28,25161,Archaea,Euryarchaeota,Methanomicrobia,,,,,Archaea; Euryarchaeota; Methanomicrobia,63,Archaea,Euryarchaeota,Methanomicrobia,,,,,Archaea; Euryarchaeota; Methanomicrobia,56,,,,,,,,,NA,NA,NA,Environmental,Aquatic,Marine,Neritic zone,Unclassified,Marine sediment,
327,Ga0075115_10006519,3300005917,3300005917 assembled Ga0075115_100065192,Ga0075115_100065192,"Methyl coenzyme M reductase, alpha subunit","Saline lake microbial communities from Ace Lake, Antarctica - Antarctic Ace Lake Metagenome 02UKH (*) (MER-FS) (assembled)",1,255,NA,*Microbiome,Permanent Draft,Saline lake microbial communities from various lakes in Antarctica,"Saline lake microbial communities from Ace Lake, Antarctica - Antarctic Ace Lake Metagenome 02UKH",DOE Joint Genome Institute  (JGI),Environmental,Aquatic,Non-marine Saline and Alkaline,Saline,Unclassified,Saline lake microbial communities from various lakes in Antarctica,NA,NA,NA,NA,NA,NA,NA,,Illumina HiSeq 2500-1TB,Level 1: Standard Draft,Complete,Metagenome,Environmental,Aquatic,Saline,Non-marine Saline and Alkaline,Unclassified,Saline lake,,,,NA,713249915,1817850,3300005917 assembled Ga0075115_10006519,3300005917,assembled,"Saline lake microbial communities from Ace Lake, Antarctica - Antarctic Ace Lake Metagenome 02UKH (*)",5,5094,Archaea,Euryarchaeota,,,,,,Archaea; Euryarchaeota,80,Archaea,Euryarchaeota,,,,,,Archaea; Euryarchaeota,60,,,,,,,,,NA,NA,NA,Environmental,Aquatic,Non-marine Saline and Alkaline,Saline,Unclassified,Saline lake,
564,Ga0115358_10002806,3300008468,3300008468 assembled Ga0115358_100028062,Ga0115358_100028062,methyl-coenzyme M reductase alpha subunit,Sea floor sediment microbial communities from Gulf of Mexico Methane Seep - MPC10T (*) (MER-FS) (assembled),1,334,NA,*Microbiome,Permanent Draft,Subsurface hydrocarbon microbial communities from various worldwide Shell locations,Sea floor sediment microbial communities from Gulf of Mexico Methane Seep - MPC10T,Shell Corporation,Environmental,Aquatic,Marine,Cold seeps,Sediment,Subsurface hydrocarbon microbial communities from various worldwide Shell locations,NA,NA,NA,NA,NA,NA,NA,,Illumina MiSeq,,Complete,Metagenome,Environmental,Aquatic,Cold seeps,Marine,Sediment,Sediment,,,,NA,422857366,1470248,3300008468 assembled Ga0115358_10002806,3300008468,assembled,Sea floor sediment microbial communities from Gulf of Mexico Methane Seep - MPC10T (*),6,4844,Archaea,Euryarchaeota,Methanomicrobia,,,,,Archaea; Euryarchaeota; Methanomicrobia,50,Archaea,Euryarchaeota,Methanomicrobia,,,,,Archaea; Euryarchaeota; Methanomicrobia,50,,,,,,,,,NA,NA,NA,Environmental,Aquatic,Marine,Cold seeps,Sediment,Sediment,
569,Ga0115359_10011011,3300008340,3300008340 assembled Ga0115359_100110111,Ga0115359_100110111,methyl-coenzyme M reductase alpha subunit,Sea floor sediment microbial communities from Gulf of Mexico Methane Seep - MPC10B (*) (MER-FS) (assembled),1,332,NA,*Microbiome,Permanent Draft,Subsurface hydrocarbon microbial communities from various worldwide Shell locations,Sea floor sediment microbial communities from Gulf of Mexico Methane Seep - MPC10B,Shell Corporation,Environmental,Aquatic,Marine,Cold seeps,Sediment,Subsurface hydrocarbon microbial communities from various worldwide Shell locations,NA,NA,NA,NA,NA,NA,NA,,Illumina MiSeq,,Complete,Metagenome,Environmental,Aquatic,Cold seeps,Marine,Sediment,sediment,,,,NA,310096569,1029736,3300008340 assembled Ga0115359_10011011,3300008340,assembled,Sea floor sediment microbial communities from Gulf of Mexico Methane Seep - MPC10B (*),1,1441,Archaea,Euryarchaeota,Methanomicrobia,Methanotrichales,Methanotrichaceae,Methanothrix,Methanothrix harundinacea,Archaea; Euryarchaeota; Methanomicrobia; Methanotrichales; Methanotrichaceae; Methanothrix; Methanothrix harundinacea,100,Archaea,Euryarchaeota,Methanomicrobia,Methanotrichales,Methanotrichaceae,Methanothrix,Methanothrix harundinacea,Archaea; Euryarchaeota; Methanomicrobia; Methanotrichales; Methanotrichaceae; Methanothrix; Methanothrix harundinacea,100,,,,,,,,,NA,NA,NA,Environmental,Aquatic,Marine,Cold seeps,Sediment,sediment,
570,Ga0115359_10108894,3300008340,3300008340 assembled Ga0115359_101088941,Ga0115359_101088941,methyl-coenzyme M reductase alpha subunit,Sea floor sediment microbial communities from Gulf of Mexico Methane Seep - MPC10B (*) (MER-FS) (assembled),1,332,NA,*Microbiome,Permanent Draft,Subsurface hydrocarbon microbial communities from various worldwide Shell locations,Sea floor sediment microbial communities from Gulf of Mexico Methane Seep - MPC10B,Shell Corporation,Environmental,Aquatic,Marine,Cold seeps,Sediment,Subsurface hydrocarbon microbial communities from various worldwide Shell locations,NA,NA,NA,NA,NA,NA,NA,,Illumina MiSeq,,Complete,Metagenome,Environmental,Aquatic,Cold seeps,Marine,Sediment,sediment,,,,NA,310096569,1029736,3300008340 assembled Ga0115359_10108894,3300008340,assembled,Sea floor sediment microbial communities from Gulf of Mexico Methane Seep - MPC10B (*),1,1547,Archaea,Euryarchaeota,Methanomicrobia,Methanotrichales,Methanotrichaceae,Methanothrix,Methanothrix harundinacea,Archaea; Euryarchaeota; Methanomicrobia; Methanotrichales; Methanotrichaceae; Methanothrix; Methanothrix harundinacea,100,Archaea,Euryarchaeota,Methanomicrobia,Methanotrichales,Methanotrichaceae,Methanothrix,Methanothrix harundinacea,Archaea; Euryarchaeota; Methanomicrobia; Methanotrichales; Methanotrichaceae; Methanothrix; Methanothrix harundinacea,100,,,,,,,,,NA,NA,NA,Environmental,Aquatic,Marine,Cold seeps,Sediment,sediment,
1056,Ga0127412_10000483,3300009492,3300009492 assembled Ga0127412_100004832,Ga0127412_100004832,methyl-coenzyme M reductase alpha subunit,"Marine sediment microbial communities from Chincoteague Deepwater methane seep, US Atlantic Margin - Chincoteague Seep MUC-5 6-8 cmbsf (*) (MER-FS) (assembled)",1,388,NA,*Microbiome,Permanent Draft,"Marine sediment microbial communities from methane seeps within Hudson Canyon, US Atlantic Margin","Marine sediment microbial communities from Chincoteague Deepwater methane seep, US Atlantic Margin - Chincoteague Seep MUC-5 6-8 cmbsf",Oregon State University,Environmental,Aquatic,Marine,Cold seeps,Sediment,"Marine sediment microbial communities from methane seeps within Hudson Canyon, US Atlantic Margin",NA,NA,NA,NA,NA,NA,NA,,"454, Illumina HiSeq",Level 1: Standard Draft,Complete,Metagenome,Environmental,Aquatic,Cold seeps,Marine,Sediment,methane seep,,,,NA,499852515,1778566,3300009492 assembled Ga0127412_10000483,3300009492,assembled,"Marine sediment microbial communities from Chincoteague Deepwater methane seep, US Atlantic Margin - Chincoteague Seep MUC-5 6-8 cmbsf (*)",3,3248,Archaea,Euryarchaeota,,,,,,Archaea; Euryarchaeota,67,Archaea,Euryarchaeota,,,,,,Archaea; Euryarchaeota,67,,,,,,,,,NA,NA,NA,Environmental,Aquatic,Marine,Cold seeps,Sediment,methane seep,
1057,Ga0127413_10002100,3300009494,3300009494 assembled Ga0127413_100021006,Ga0127413_100021006,methyl-coenzyme M reductase alpha subunit,"Marine sediment microbial communities from Chincoteague Deepwater methane seep, US Atlantic Margin - Chincoteague Seep MUC-5 12-14 cmbsf (*) (MER-FS) (assembled)",1,389,NA,*Microbiome,Permanent Draft,"Marine sediment microbial communities from methane seeps within Hudson Canyon, US Atlantic Margin","Marine sediment microbial communities from Chincoteague Deepwater methane seep, US Atlantic Margin - Chincoteague Seep MUC-5 12-14 cmbsf",Oregon State University,Environmental,Aquatic,Marine,Cold seeps,Sediment,"Marine sediment microbial communities from methane seeps within Hudson Canyon, US Atlantic Margin",NA,NA,NA,NA,NA,NA,NA,,Illumina HiSeq,Level 1: Standard Draft,Complete,Metagenome,Environmental,Aquatic,Cold seeps,Marine,Sediment,methane seep sediment,,,,NA,1303108002,3587965,3300009494 assembled Ga0127413_10002100,3300009494,assembled,"Marine sediment microbial communities from Chincoteague Deepwater methane seep, US Atlantic Margin - Chincoteague Seep MUC-5 12-14 cmbsf (*)",8,8252,Archaea,Euryarchaeota,Methanomicrobia,Methanotrichales,Methanotrichaceae,Methanothrix,,Archaea; Euryarchaeota; Methanomicrobia; Methanotrichales; Methanotrichaceae; Methanothrix,38,Archaea,Euryarchaeota,Methanomicrobia,Methanotrichales,Methanotrichaceae,Methanothrix,,Archaea; Euryarchaeota; Methanomicrobia; Methanotrichales; Methanotrichaceae; Methanothrix,38,,,,,,,,,NA,NA,NA,Environmental,Aquatic,Marine,Cold seeps,Sediment,methane seep sediment,
1357,Ga0164310_10042567,3300014913,3300014913 assembled Ga0164310_100425673,Ga0164310_100425673,methyl-coenzyme M reductase alpha subunit,"Subseafloor sediment microbial communities from Guaymas Basin, Gulf of California, Mexico - Guay1, Core 4569-9, 0-3 cm (*) (MER-FS) (assembled)",1,642,NA,*Microbiome,Permanent Draft,"Subseafloor sediment microbial communities from Guaymas Basin, Gulf of California, Mexico","Subseafloor sediment microbial communities from Guaymas Basin, Gulf of California, Mexico - Guay1, Core 4569-9, 0-3 cm",DOE Joint Genome Institute  (JGI),Environmental,Aquatic,Marine,Hydrothermal vents,Sediment,"Subseafloor sediment microbial communities from Guaymas Basin, Gulf of California, Mexico",NA,NA,NA,NA,NA,NA,NA,,Illumina HiSeq 2500-1TB,Level 1: Standard Draft,Complete,Metagenome,Environmental,Aquatic,Hydrothermal vents,Marine,Sediment,marine sediment,,,,NA,1541311432,3433281,3300014913 assembled Ga0164310_10042567,3300014913,assembled,"Subseafloor sediment microbial communities from Guaymas Basin, Gulf of California, Mexico - Guay1, Core 4569-9, 0-3 cm (*)",3,2815,Archaea,Euryarchaeota,Methanomicrobia,,,,,Archaea; Euryarchaeota; Methanomicrobia,67,Archaea,Euryarchaeota,Methanomicrobia,,,,,Archaea; Euryarchaeota; Methanomicrobia,67,,,,,,,,,NA,NA,NA,Environmental,Aquatic,Marine,Hydrothermal vents,Sediment,marine sediment,
1367,Ga0164315_10169738,3300013099,3300013099 assembled Ga0164315_101697382,Ga0164315_101697382,methyl-coenzyme M reductase alpha subunit,"Subseafloor sediment microbial communities from Guaymas Basin, Gulf of California, Mexico - Guay6, Core 4569-2, 0-3 cm (*) (MER-FS) (assembled)",1,560,NA,*Microbiome,Permanent Draft,"Subseafloor sediment microbial communities from Guaymas Basin, Gulf of California, Mexico","Subseafloor sediment microbial communities from Guaymas Basin, Gulf of California, Mexico - Guay6, Core 4569-2, 0-3 cm",DOE Joint Genome Institute  (JGI),Environmental,Aquatic,Marine,Hydrothermal vents,Sediment,"Subseafloor sediment microbial communities from Guaymas Basin, Gulf of California, Mexico",NA,NA,NA,NA,NA,NA,NA,,Illumina HiSeq 2500-1TB,Level 1: Standard Draft,Complete,Metagenome,Environmental,Aquatic,Hydrothermal vents,Marine,Sediment,marine sediment,,,,NA,2590923714,5198976,3300013099 assembled Ga0164315_10169738,3300013099,assembled,"Subseafloor sediment microbial communities from Guaymas Basin, Gulf of California, Mexico - Guay6, Core 4569-2, 0-3 cm (*)",2,1778,Archaea,Euryarchaeota,Methanomicrobia,,,,,Archaea; Euryarchaeota; Methanomicrobia,100,Archaea,Euryarchaeota,Methanomicrobia,,,,,Archaea; Euryarchaeota; Methanomicrobia,100,,,,,,,,,NA,NA,NA,Environmental,Aquatic,Marine,Hydrothermal vents,Sediment,marine sediment,
1371,Ga0164318_10177847,3300013103,3300013103 assembled Ga0164318_101778472,Ga0164318_101778472,methyl-coenzyme M reductase alpha subunit,"Subseafloor sediment microbial communities from Guaymas Basin, Gulf of California, Mexico - Guay9, Core 4571-4, 0-3 cm (*) (MER-FS) (assembled)",1,561,NA,*Microbiome,Permanent Draft,"Subseafloor sediment microbial communities from Guaymas Basin, Gulf of California, Mexico","Subseafloor sediment microbial communities from Guaymas Basin, Gulf of California, Mexico - Guay9, Core 4571-4, 0-3 cm",DOE Joint Genome Institute  (JGI),Environmental,Aquatic,Marine,Hydrothermal vents,Sediment,"Subseafloor sediment microbial communities from Guaymas Basin, Gulf of California, Mexico",NA,NA,NA,NA,NA,NA,NA,,Illumina HiSeq 2500-1TB,Level 1: Standard Draft,Complete,Metagenome,Environmental,Aquatic,Hydrothermal vents,Marine,Sediment,marine sediment,,,,NA,2826948006,5892385,3300013103 assembled Ga0164318_10177847,3300013103,assembled,"Subseafloor sediment microbial communities from Guaymas Basin, Gulf of California, Mexico - Guay9, Core 4571-4, 0-3 cm (*)",2,1932,Archaea,Euryarchaeota,Methanomicrobia,,,,,Archaea; Euryarchaeota; Methanomicrobia,100,Archaea,Euryarchaeota,Methanomicrobia,,,,,Archaea; Euryarchaeota; Methanomicrobia,100,,,,,,,,,NA,NA,NA,Environmental,Aquatic,Marine,Hydrothermal vents,Sediment,marine sediment,
1872,Ga0190303_1002905,3300021512,3300021512 assembled Ga0190303_10029054,Ga0190303_10029054,methyl-coenzyme M reductase alpha subunit,"Hydrothermal vent sediment bacterial communities from Southern Trench, Guaymas Basin, Mexico - 4870-07-0-1_MG (*) (MER-FS) (assembled)",1,814,NA,*Microbiome,Permanent Draft,Microbial communities from sediments and microbial mats in various locations,"Hydrothermal vent sediment bacterial communities from Southern Trench, Guaymas Basin, Mexico - 4870-07-0-1_MG",DOE Joint Genome Institute  (JGI),Environmental,Aquatic,Marine,Hydrothermal vents,Sediment,Microbial communities from sediments and microbial mats in various locations,NA,NA,NA,NA,NA,NA,NA,,Illumina HiSeq 2500-1TB,Level 1: Standard Draft,Complete,Metagenome,Environmental,Aquatic,Hydrothermal vents,Marine,Sediment,hydrothermal vent sediment,,,,NA,346764346,732227,3300021512 assembled Ga0190303_1002905,3300021512,assembled,"Hydrothermal vent sediment bacterial communities from Southern Trench, Guaymas Basin, Mexico - 4870-07-0-1_MG (*)",8,6488,Archaea,Euryarchaeota,Methanomicrobia,Methanosarcinales,Methanosarcinaceae,,,Archaea; Euryarchaeota; Methanomicrobia; Methanosarcinales; Methanosarcinaceae,38,Archaea,Euryarchaeota,Methanomicrobia,Methanosarcinales,Methanosarcinaceae,,,Archaea; Euryarchaeota; Methanomicrobia; Methanosarcinales; Methanosarcinaceae,38,,,,,,,,,NA,NA,NA,Environmental,Aquatic,Marine,Hydrothermal vents,Sediment,hydrothermal vent sediment,
1874,Ga0190304_1003928,3300021509,3300021509 assembled Ga0190304_10039285,Ga0190304_10039285,methyl-coenzyme M reductase alpha subunit,"Hydrothermal vent sediment bacterial communities from Southern Trench, Guaymas Basin, Mexico - 4870-07-1--2_MG (*) (MER-FS) (assembled)",1,812,NA,*Microbiome,Permanent Draft,Microbial communities from sediments and microbial mats in various locations,"Hydrothermal vent sediment bacterial communities from Southern Trench, Guaymas Basin, Mexico - 4870-07-1--2_MG",DOE Joint Genome Institute  (JGI),Environmental,Aquatic,Marine,Hydrothermal vents,Sediment,Microbial communities from sediments and microbial mats in various locations,NA,NA,NA,NA,NA,NA,NA,,Illumina HiSeq 2500-1TB,Level 1: Standard Draft,Complete,Metagenome,Environmental,Aquatic,Hydrothermal vents,Marine,Sediment,hydrothermal vent sediment,,,,NA,295641287,602278,3300021509 assembled Ga0190304_1003928,3300021509,assembled,"Hydrothermal vent sediment bacterial communities from Southern Trench, Guaymas Basin, Mexico - 4870-07-1--2_MG (*)",6,5955,Archaea,Euryarchaeota,Methanomicrobia,Methanosarcinales,,,,Archaea; Euryarchaeota; Methanomicrobia; Methanosarcinales,50,Archaea,Euryarchaeota,Methanomicrobia,Methanosarcinales,,,,Archaea; Euryarchaeota; Methanomicrobia; Methanosarcinales,83,,,,,,,,,NA,NA,NA,Environmental,Aquatic,Marine,Hydrothermal vents,Sediment,hydrothermal vent sediment,
1883,Ga0190315_1000538,3300021513,3300021513 assembled Ga0190315_10005386,Ga0190315_10005386,methyl-coenzyme M reductase alpha subunit,"Hydrothermal vent sediment bacterial communities from Southern Trench, Guaymas Basin, Mexico - 4870-11-0-1_MG (*) (MER-FS) (assembled)",1,815,NA,*Microbiome,Permanent Draft,Microbial communities from sediments and microbial mats in various locations,"Hydrothermal vent sediment bacterial communities from Southern Trench, Guaymas Basin, Mexico - 4870-11-0-1_MG",DOE Joint Genome Institute  (JGI),Environmental,Aquatic,Marine,Hydrothermal vents,Sediment,Microbial communities from sediments and microbial mats in various locations,NA,NA,NA,NA,NA,NA,NA,,Illumina HiSeq 2500-1TB,Level 1: Standard Draft,Complete,Metagenome,Environmental,Aquatic,Hydrothermal vents,Marine,Sediment,hydrothermal vent sediment,,,,NA,332012557,697199,3300021513 assembled Ga0190315_1000538,3300021513,assembled,"Hydrothermal vent sediment bacterial communities from Southern Trench, Guaymas Basin, Mexico - 4870-11-0-1_MG (*)",16,18791,Archaea,Euryarchaeota,Methanomicrobia,,,,,Archaea; Euryarchaeota; Methanomicrobia,69,Archaea,Euryarchaeota,Methanomicrobia,,,,,Archaea; Euryarchaeota; Methanomicrobia,69,,,,,,,,,NA,NA,NA,Environmental,Aquatic,Marine,Hydrothermal vents,Sediment,hydrothermal vent sediment,
1884,Ga0190315_1002643,3300021513,3300021513 assembled Ga0190315_10026432,Ga0190315_10026432,methyl-coenzyme M reductase alpha subunit,"Hydrothermal vent sediment bacterial communities from Southern Trench, Guaymas Basin, Mexico - 4870-11-0-1_MG (*) (MER-FS) (assembled)",1,815,NA,*Microbiome,Permanent Draft,Microbial communities from sediments and microbial mats in various locations,"Hydrothermal vent sediment bacterial communities from Southern Trench, Guaymas Basin, Mexico - 4870-11-0-1_MG",DOE Joint Genome Institute  (JGI),Environmental,Aquatic,Marine,Hydrothermal vents,Sediment,Microbial communities from sediments and microbial mats in various locations,NA,NA,NA,NA,NA,NA,NA,,Illumina HiSeq 2500-1TB,Level 1: Standard Draft,Complete,Metagenome,Environmental,Aquatic,Hydrothermal vents,Marine,Sediment,hydrothermal vent sediment,,,,NA,332012557,697199,3300021513 assembled Ga0190315_1002643,3300021513,assembled,"Hydrothermal vent sediment bacterial communities from Southern Trench, Guaymas Basin, Mexico - 4870-11-0-1_MG (*)",6,6625,Archaea,Euryarchaeota,Methanomicrobia,,,,,Archaea; Euryarchaeota; Methanomicrobia,83,Archaea,Euryarchaeota,Methanomicrobia,,,,,Archaea; Euryarchaeota; Methanomicrobia,83,,,,,,,,,NA,NA,NA,Environmental,Aquatic,Marine,Hydrothermal vents,Sediment,hydrothermal vent sediment,
1889,Ga0190316_1004937,3300021507,3300021507 assembled Ga0190316_10049372,Ga0190316_10049372,methyl-coenzyme M reductase alpha subunit,"Hydrothermal vent sediment bacterial communities from Southern Trench, Guaymas Basin, Mexico - 4870-11-1-2_MG (*) (MER-FS) (assembled)",1,810,NA,*Microbiome,Permanent Draft,Microbial communities from sediments and microbial mats in various locations,"Hydrothermal vent sediment bacterial communities from Southern Trench, Guaymas Basin, Mexico - 4870-11-1-2_MG",DOE Joint Genome Institute  (JGI),Environmental,Aquatic,Marine,Hydrothermal vents,Sediment,Microbial communities from sediments and microbial mats in various locations,NA,NA,NA,NA,NA,NA,NA,,Illumina HiSeq 2500-1TB,Level 1: Standard Draft,Complete,Metagenome,Environmental,Aquatic,Hydrothermal vents,Marine,Sediment,hydrothermal vent sediment,,,,NA,264224592,551683,3300021507 assembled Ga0190316_1004937,3300021507,assembled,"Hydrothermal vent sediment bacterial communities from Southern Trench, Guaymas Basin, Mexico - 4870-11-1-2_MG (*)",5,4117,Archaea,Euryarchaeota,Methanomicrobia,,,,,Archaea; Euryarchaeota; Methanomicrobia,60,Archaea,Euryarchaeota,Methanomicrobia,,,,,Archaea; Euryarchaeota; Methanomicrobia,100,,,,,,,,,NA,NA,NA,Environmental,Aquatic,Marine,Hydrothermal vents,Sediment,hydrothermal vent sediment,
1892,Ga0190330_1002167,3300021490,3300021490 assembled Ga0190330_10021674,Ga0190330_10021674,methyl-coenzyme M reductase alpha subunit,"Hydrothermal vent sediment bacterial communities from Southern Trench, Guaymas Basin, Mexico - 4872-04-3-4_MG (*) (MER-FS) (assembled)",1,801,NA,*Microbiome,Permanent Draft,Microbial communities from sediments and microbial mats in various locations,"Hydrothermal vent sediment bacterial communities from Southern Trench, Guaymas Basin, Mexico - 4872-04-3-4_MG",DOE Joint Genome Institute  (JGI),Environmental,Aquatic,Marine,Hydrothermal vents,Sediment,Microbial communities from sediments and microbial mats in various locations,NA,NA,NA,NA,NA,NA,NA,,Illumina HiSeq 2500-1TB,Level 1: Standard Draft,Complete,Metagenome,Environmental,Aquatic,Hydrothermal vents,Marine,Sediment,hydrothermal vent sediment,,,,NA,124187887,266662,3300021490 assembled Ga0190330_1002167,3300021490,assembled,"Hydrothermal vent sediment bacterial communities from Southern Trench, Guaymas Basin, Mexico - 4872-04-3-4_MG (*)",5,4202,Archaea,Euryarchaeota,Methanomicrobia,,,,,Archaea; Euryarchaeota; Methanomicrobia,80,Archaea,Euryarchaeota,Methanomicrobia,,,,,Archaea; Euryarchaeota; Methanomicrobia,80,,,,,,,,,NA,NA,NA,Environmental,Aquatic,Marine,Hydrothermal vents,Sediment,hydrothermal vent sediment,
1894,Ga0190331_1010792,3300021483,3300021483 assembled Ga0190331_10107921,Ga0190331_10107921,methyl-coenzyme M reductase alpha subunit,"Hydrothermal vent sediment bacterial communities from Southern Trench, Guaymas Basin, Mexico - 4872-04-4-5_MG (*) (MER-FS) (assembled)",1,797,NA,*Microbiome,Permanent Draft,Microbial communities from sediments and microbial mats in various locations,"Hydrothermal vent sediment bacterial communities from Southern Trench, Guaymas Basin, Mexico - 4872-04-4-5_MG",DOE Joint Genome Institute  (JGI),Environmental,Aquatic,Marine,Hydrothermal vents,Sediment,Microbial communities from sediments and microbial mats in various locations,NA,NA,NA,NA,NA,NA,NA,,Illumina HiSeq 2500-1TB,Level 1: Standard Draft,Complete,Metagenome,Environmental,Aquatic,Hydrothermal vents,Marine,Sediment,hydrothermal vent sediment,,,,NA,99749804,214654,3300021483 assembled Ga0190331_1010792,3300021483,assembled,"Hydrothermal vent sediment bacterial communities from Southern Trench, Guaymas Basin, Mexico - 4872-04-4-5_MG (*)",1,1443,Archaea,Euryarchaeota,Methanomicrobia,Methanotrichales,Methanotrichaceae,Methanothrix,Methanothrix harundinacea,Archaea; Euryarchaeota; Methanomicrobia; Methanotrichales; Methanotrichaceae; Methanothrix; Methanothrix harundinacea,100,Archaea,Euryarchaeota,Methanomicrobia,Methanotrichales,Methanotrichaceae,Methanothrix,Methanothrix harundinacea,Archaea; Euryarchaeota; Methanomicrobia; Methanotrichales; Methanotrichaceae; Methanothrix; Methanothrix harundinacea,100,,,,,,,,,NA,NA,NA,Environmental,Aquatic,Marine,Hydrothermal vents,Sediment,hydrothermal vent sediment,
1896,Ga0190334_1011440,3300021467,3300021467 assembled Ga0190334_10114404,Ga0190334_10114404,methyl-coenzyme M reductase alpha subunit,"Hydrothermal vent sediment bacterial communities from Southern Trench, Guaymas Basin, Mexico - 4872-04-7-8_MG (*) (MER-FS) (assembled)",1,794,NA,*Microbiome,Permanent Draft,Microbial communities from sediments and microbial mats in various locations,"Hydrothermal vent sediment bacterial communities from Southern Trench, Guaymas Basin, Mexico - 4872-04-7-8_MG",DOE Joint Genome Institute  (JGI),Environmental,Aquatic,Marine,Hydrothermal vents,Sediment,Microbial communities from sediments and microbial mats in various locations,NA,NA,NA,NA,NA,NA,NA,,Illumina HiSeq 2500-1TB,Level 1: Standard Draft,Complete,Metagenome,Environmental,Aquatic,Hydrothermal vents,Marine,Sediment,hydrothermal vent sediment,,,,NA,378956998,775933,3300021467 assembled Ga0190334_1011440,3300021467,assembled,"Hydrothermal vent sediment bacterial communities from Southern Trench, Guaymas Basin, Mexico - 4872-04-7-8_MG (*)",4,3052,Archaea,Euryarchaeota,,,,,,Archaea; Euryarchaeota,100,Archaea,Euryarchaeota,,,,,,Archaea; Euryarchaeota,100,,,,,,,,,NA,NA,NA,Environmental,Aquatic,Marine,Hydrothermal vents,Sediment,hydrothermal vent sediment,
1899,Ga0190345_1011181,3300021484,3300021484 assembled Ga0190345_10111811,Ga0190345_10111811,methyl-coenzyme M reductase alpha subunit,"Hydrothermal vent microbial mat bacterial communities from Southern Trench, Guaymas Basin, Mexico - 4872-13-3-4_MG (*) (MER-FS) (assembled)",1,798,NA,*Microbiome,Permanent Draft,Microbial communities from sediments and microbial mats in various locations,"Hydrothermal vent microbial mat bacterial communities from Southern Trench, Guaymas Basin, Mexico - 4872-13-3-4_MG",DOE Joint Genome Institute  (JGI),Environmental,Aquatic,Marine,Hydrothermal vents,Microbial mats,Microbial communities from sediments and microbial mats in various locations,NA,NA,NA,NA,NA,NA,NA,,Illumina HiSeq 2500-1TB,Level 1: Standard Draft,Complete,Metagenome,Environmental,Aquatic,Hydrothermal vents,Marine,Microbial mats,hydrothermal vent microbial mat,,,,NA,106167820,214538,3300021484 assembled Ga0190345_1011181,3300021484,assembled,"Hydrothermal vent microbial mat bacterial communities from Southern Trench, Guaymas Basin, Mexico - 4872-13-3-4_MG (*)",1,1275,Archaea,Euryarchaeota,Methanomicrobia,Methanotrichales,Methanotrichaceae,Methanothrix,Methanothrix harundinacea,Archaea; Euryarchaeota; Methanomicrobia; Methanotrichales; Methanotrichaceae; Methanothrix; Methanothrix harundinacea,100,Archaea,Euryarchaeota,Methanomicrobia,Methanotrichales,Methanotrichaceae,Methanothrix,Methanothrix harundinacea,Archaea; Euryarchaeota; Methanomicrobia; Methanotrichales; Methanotrichaceae; Methanothrix; Methanothrix harundinacea,100,,,,,,,,,NA,NA,NA,Environmental,Aquatic,Marine,Hydrothermal vents,Microbial mats,hydrothermal vent microbial mat,
1900,Ga0190346_1002635,3300021486,3300021486 assembled Ga0190346_10026352,Ga0190346_10026352,methyl-coenzyme M reductase alpha subunit,"Hydrothermal vent microbial mat bacterial communities from Southern Trench, Guaymas Basin, Mexico - 4872-13-4-5_MG (*) (MER-FS) (assembled)",1,799,NA,*Microbiome,Permanent Draft,Microbial communities from sediments and microbial mats in various locations,"Hydrothermal vent microbial mat bacterial communities from Southern Trench, Guaymas Basin, Mexico - 4872-13-4-5_MG",DOE Joint Genome Institute  (JGI),Environmental,Aquatic,Marine,Hydrothermal vents,Microbial mats,Microbial communities from sediments and microbial mats in various locations,NA,NA,NA,NA,NA,NA,NA,,Illumina HiSeq 2500-1TB,Level 1: Standard Draft,Complete,Metagenome,Environmental,Aquatic,Hydrothermal vents,Marine,Microbial mats,hydrothermal vent microbial mat,,,,NA,119658292,239184,3300021486 assembled Ga0190346_1002635,3300021486,assembled,"Hydrothermal vent microbial mat bacterial communities from Southern Trench, Guaymas Basin, Mexico - 4872-13-4-5_MG (*)",4,4389,Archaea,Euryarchaeota,Methanomicrobia,,,,,Archaea; Euryarchaeota; Methanomicrobia,75,Archaea,Euryarchaeota,Methanomicrobia,,,,,Archaea; Euryarchaeota; Methanomicrobia,75,,,,,,,,,NA,NA,NA,Environmental,Aquatic,Marine,Hydrothermal vents,Microbial mats,hydrothermal vent microbial mat,
1902,Ga0190347_1001296,3300021500,3300021500 assembled Ga0190347_10012967,Ga0190347_10012967,methyl-coenzyme M reductase alpha subunit,"Hydrothermal vent microbial mat bacterial communities from Southern Trench, Guaymas Basin, Mexico - 4872-13-5-6_MG (*) (MER-FS) (assembled)",1,806,NA,*Microbiome,Permanent Draft,Microbial communities from sediments and microbial mats in various locations,"Hydrothermal vent microbial mat bacterial communities from Southern Trench, Guaymas Basin, Mexico - 4872-13-5-6_MG",DOE Joint Genome Institute  (JGI),Environmental,Aquatic,Marine,Hydrothermal vents,Microbial mats,Microbial communities from sediments and microbial mats in various locations,NA,NA,NA,NA,NA,NA,NA,,Illumina HiSeq 2500-1TB,Level 1: Standard Draft,Complete,Metagenome,Environmental,Aquatic,Hydrothermal vents,Marine,Microbial mats,hydrothermal vent microbial mat,,,,NA,159679707,329643,3300021500 assembled Ga0190347_1001296,3300021500,assembled,"Hydrothermal vent microbial mat bacterial communities from Southern Trench, Guaymas Basin, Mexico - 4872-13-5-6_MG (*)",8,6969,Archaea,Euryarchaeota,Methanomicrobia,Methanosarcinales,,,,Archaea; Euryarchaeota; Methanomicrobia; Methanosarcinales,38,Archaea,Euryarchaeota,Methanomicrobia,Methanosarcinales,,,,Archaea; Euryarchaeota; Methanomicrobia; Methanosarcinales,38,,,,,,,,,NA,NA,NA,Environmental,Aquatic,Marine,Hydrothermal vents,Microbial mats,hydrothermal vent microbial mat,
1903,Ga0190348_1000378,3300021503,3300021503 assembled Ga0190348_10003784,Ga0190348_10003784,methyl-coenzyme M reductase alpha subunit,"Hydrothermal vent microbial mat bacterial communities from Southern Trench, Guaymas Basin, Mexico - 4872-13-6-7_MG (*) (MER-FS) (assembled)",1,808,NA,*Microbiome,Permanent Draft,Microbial communities from sediments and microbial mats in various locations,"Hydrothermal vent microbial mat bacterial communities from Southern Trench, Guaymas Basin, Mexico - 4872-13-6-7_MG",DOE Joint Genome Institute  (JGI),Environmental,Aquatic,Marine,Hydrothermal vents,Microbial mats,Microbial communities from sediments and microbial mats in various locations,NA,NA,NA,NA,NA,NA,NA,,Illumina HiSeq 2500-1TB,Level 1: Standard Draft,Complete,Metagenome,Environmental,Aquatic,Hydrothermal vents,Marine,Microbial mats,hydrothermal vent microbial mat,,,,NA,175339565,362848,3300021503 assembled Ga0190348_1000378,3300021503,assembled,"Hydrothermal vent microbial mat bacterial communities from Southern Trench, Guaymas Basin, Mexico - 4872-13-6-7_MG (*)",15,12542,Archaea,Euryarchaeota,Methanomicrobia,,,,,Archaea; Euryarchaeota; Methanomicrobia,67,Archaea,Euryarchaeota,Methanomicrobia,,,,,Archaea; Euryarchaeota; Methanomicrobia,60,,,,,,,,,NA,NA,NA,Environmental,Aquatic,Marine,Hydrothermal vents,Microbial mats,hydrothermal vent microbial mat,
2172,Ga0209013_10000330,3300027858,3300027858 assembled Ga0209013_1000033024,Ga0209013_1000033024,methyl-coenzyme M reductase alpha subunit,"Oil polluted marine microbial communities from Coal Oil Point, Santa Barbara, California, USA - Sample 2 (SPAdes) (version 2) (*) (MER-FS) (assembled)",1,1122,NA,*Microbiome,Permanent Draft,Marine microbial communities from the Santa Barbara Channel oil seeps,"Oil polluted marine microbial communities from Coal Oil Point, Santa Barbara, California, USA - Sample 2 (SPAdes) (version 2)",DOE Joint Genome Institute  (JGI),Environmental,Aquatic,Marine,Oil seeps,Unclassified,Marine microbial communities from the Santa Barbara Channel oil seeps,NA,NA,NA,NA,NA,NA,NA,26.1466x,Illumina HiSeq 2500,Level 1: Standard Draft,Complete,Metagenome,Environmental,Aquatic,Oil seeps,Marine,Unclassified,Marine,,,,NA,1533612228,3280392,3300027858 assembled Ga0209013_10000330,3300027858,assembled,"Oil polluted marine microbial communities from Coal Oil Point, Santa Barbara, California, USA - Sample 2 (SPAdes) (version 2) (*)",45,41417,Archaea,Euryarchaeota,Methanomicrobia,,,,,Archaea; Euryarchaeota; Methanomicrobia,59,Archaea,Euryarchaeota,Methanomicrobia,,,,,Archaea; Euryarchaeota; Methanomicrobia,59,,,,,,,,,NA,NA,NA,Environmental,Aquatic,Marine,Oil seeps,Unclassified,Marine,
2229,Ga0209121_10003588,3300027742,3300027742 assembled Ga0209121_100035882,Ga0209121_100035882,methyl-coenzyme M reductase alpha subunit,"Oil polluted marine microbial communities from Coal Oil Point, Santa Barbara, California, USA - Sample 3 (SPAdes) (version 2) (*) (MER-FS) (assembled)",1,1112,NA,*Microbiome,Permanent Draft,Marine microbial communities from the Santa Barbara Channel oil seeps,"Oil polluted marine microbial communities from Coal Oil Point, Santa Barbara, California, USA - Sample 3 (SPAdes) (version 2)",DOE Joint Genome Institute  (JGI),Environmental,Aquatic,Marine,Oil seeps,Unclassified,Marine microbial communities from the Santa Barbara Channel oil seeps,NA,NA,NA,NA,NA,NA,NA,,Illumina HiSeq 2500,Level 1: Standard Draft,Complete,Metagenome,Environmental,Aquatic,Oil seeps,Marine,Unclassified,Marine,,,,NA,754165254,1421884,3300027742 assembled Ga0209121_10003588,3300027742,assembled,"Oil polluted marine microbial communities from Coal Oil Point, Santa Barbara, California, USA - Sample 3 (SPAdes) (version 2) (*)",15,14954,Archaea,Euryarchaeota,,,,,,Archaea; Euryarchaeota,53,Archaea,Euryarchaeota,,,,,,Archaea; Euryarchaeota,53,,,,,,,,,NA,NA,NA,Environmental,Aquatic,Marine,Oil seeps,Unclassified,Marine,
2933,Ga0238415_041620,3300039098,3300039098 assembled Ga0238415_041620_160_1512,null,methyl-coenzyme M reductase alpha subunit,"Marine sediment microbial communities from methane seep in Hydrate Ridge North, Pacific Ocean - 5579 (*) (MER-FS) (assembled)",1,1958,NA,*Microbiome,Permanent Draft,"Marine sediment microbial communities from methane seep in Hydrate Ridge North, Pacific Ocean","Marine sediment microbial communities from methane seep in Hydrate Ridge North, Pacific Ocean - 5579",California Institute of Technology,Environmental,Aquatic,Marine,Cold seeps,Sediment,"Marine sediment microbial communities from methane seep in Hydrate Ridge North, Pacific Ocean",NA,NA,NA,NA,NA,NA,NA,,Illumina HiSeq 2000,,Complete,Metagenome,Environmental,Aquatic,Cold seeps,Marine,Sediment,Marine sediment,,,,NA,302203013,527650,3300039098 assembled Ga0238415_041620,3300039098,assembled,"Marine sediment microbial communities from methane seep in Hydrate Ridge North, Pacific Ocean - 5579 (*)",2,1514,,,,,,,,,NA,,,,,,,,,NA,,,,,,,,,NA,NA,NA,Environmental,Aquatic,Marine,Cold seeps,Sediment,Marine sediment,
3938,Ga0311296_1306219,3300029813,3300029813 assembled Ga0311296_13062192,Ga0311296_13062192,methyl-coenzyme M reductase alpha subunit,"Marine sediment microbial communities from Washington margin, Washington, USA - Site 8 Core 34 (*) (MER-FS) (assembled)",1,1322,NA,*Microbiome,Permanent Draft,Washington Margin Metagenomes,"Marine sediment microbial communities from Washington margin, Washington, USA - Site 8 Core 34",Marine Biological Laboratory,Environmental,Aquatic,Marine,Cold seeps,Sediment,Washington Margin Metagenomes,NA,NA,NA,NA,NA,NA,NA,,Illumina HiSeq,Level 1: Standard Draft,Complete,Metagenome,Environmental,Aquatic,Cold seeps,Marine,Sediment,marine sediment,,,,NA,610879194,1176645,3300029813 assembled Ga0311296_1306219,3300029813,assembled,"Marine sediment microbial communities from Washington margin, Washington, USA - Site 8 Core 34 (*)",3,4143,Archaea,Euryarchaeota,Methanomicrobia,Methanosarcinales,,,,Archaea; Euryarchaeota; Methanomicrobia; Methanosarcinales,67,Archaea,Euryarchaeota,Methanomicrobia,Methanosarcinales,,,,Archaea; Euryarchaeota; Methanomicrobia; Methanosarcinales,67,,,,,,,,,NA,NA,NA,Environmental,Aquatic,Marine,Cold seeps,Sediment,marine sediment,
4240,Ga0326328_10002344,3300031920,3300031920 assembled Ga0326328_100023441,Ga0326328_100023441,methyl-coenzyme M reductase alpha subunit,"Marine sediment microbial communities from the Haakon Mosby mud volcano in the Barents Sea, Arctic Ocean - PS64_336_1_GC re-assembly (*) (MER-FS) (assembled)",1,1406,NA,*Microbiome,Permanent Draft,Microbial communities from the deep biosphere,"Marine sediment microbial communities from the Haakon Mosby mud volcano in the Barents Sea, Arctic Ocean - PS64_336_1_GC re-assembly",The Marine Biological Laboratory,Environmental,Aquatic,Marine,Mud volcano,Sediment,Microbial communities from the deep biosphere,NA,NA,NA,NA,NA,NA,NA,,Illumina HiSeq 1000,Level 1: Standard Draft,Complete,Metagenome,Environmental,Aquatic,Mud volcano,Marine,Sediment,Sediment,,,,NA,430464219,1189177,3300031920 assembled Ga0326328_10002344,3300031920,assembled,"Marine sediment microbial communities from the Haakon Mosby mud volcano in the Barents Sea, Arctic Ocean - PS64_336_1_GC re-assembly (*)",5,5494,Archaea,Euryarchaeota,Methanomicrobia,,,,,Archaea; Euryarchaeota; Methanomicrobia,80,Archaea,Euryarchaeota,Methanomicrobia,,,,,Archaea; Euryarchaeota; Methanomicrobia,80,,,,,,,,,NA,NA,NA,Environmental,Aquatic,Marine,Mud volcano,Sediment,Sediment,
4724,Ga0366824_1134612,3300033153,3300033153 assembled Ga0366824_11346125,Ga0366824_11346125,methyl-coenzyme M reductase alpha subunit,"Subseafloor sediment microbial communities from Guaymas Basin, Gulf of California, Mexico - Megamat, Core 4486-19, Meg19, 10-12 cm (*) (MER-FS) (assembled)",1,1476,NA,*Microbiome,Permanent Draft,"Subseafloor sediment microbial communities from Guaymas Basin, Gulf of California, Mexico","Subseafloor sediment microbial communities from Guaymas Basin, Gulf of California, Mexico - Megamat, Core 4486-19, Meg19, 10-12 cm",Michigan State University,Environmental,Aquatic,Marine,Hydrothermal vents,Sediment,"Subseafloor sediment microbial communities from Guaymas Basin, Gulf of California, Mexico",NA,NA,NA,NA,NA,NA,NA,,Illumina HiSeq 4000,Level 1: Standard Draft,Complete,Metagenome,Environmental,Aquatic,Hydrothermal vents,Marine,Sediment,marine sediment,,,,NA,1872126339,2154640,3300033153 assembled Ga0366824_1134612,3300033153,assembled,"Subseafloor sediment microbial communities from Guaymas Basin, Gulf of California, Mexico - Megamat, Core 4486-19, Meg19, 10-12 cm (*)",5,3556,Archaea,Euryarchaeota,Methanomicrobia,Methanosarcinales,,,,Archaea; Euryarchaeota; Methanomicrobia; Methanosarcinales,60,Archaea,Euryarchaeota,Methanomicrobia,Methanosarcinales,,,,Archaea; Euryarchaeota; Methanomicrobia; Methanosarcinales,100,,,,,,,,,NA,NA,NA,Environmental,Aquatic,Marine,Hydrothermal vents,Sediment,marine sediment,
4726,Ga0366826_1006399,3300033142,3300033142 assembled Ga0366826_10063995,Ga0366826_10063995,methyl-coenzyme M reductase alpha subunit,"Subseafloor sediment microbial communities from Guaymas Basin, Gulf of California, Mexico - Megamat, Core 4486-22, Meg22, 0-2 cm (*) (MER-FS) (assembled)",1,1468,NA,*Microbiome,Permanent Draft,"Subseafloor sediment microbial communities from Guaymas Basin, Gulf of California, Mexico","Subseafloor sediment microbial communities from Guaymas Basin, Gulf of California, Mexico - Megamat, Core 4486-22, Meg22, 0-2 cm",Michigan State University,Environmental,Aquatic,Marine,Hydrothermal vents,Sediment,"Subseafloor sediment microbial communities from Guaymas Basin, Gulf of California, Mexico",NA,NA,NA,NA,NA,NA,NA,,Illumina HiSeq 4000,Level 1: Standard Draft,Complete,Metagenome,Environmental,Aquatic,Hydrothermal vents,Marine,Sediment,marine sediment,,,,NA,1250093956,1438288,3300033142 assembled Ga0366826_1006399,3300033142,assembled,"Subseafloor sediment microbial communities from Guaymas Basin, Gulf of California, Mexico - Megamat, Core 4486-22, Meg22, 0-2 cm (*)",15,12103,Archaea,Euryarchaeota,Methanomicrobia,,,,,Archaea; Euryarchaeota; Methanomicrobia,60,Archaea,Euryarchaeota,Methanomicrobia,,,,,Archaea; Euryarchaeota; Methanomicrobia,60,,,,,,,,,NA,NA,NA,Environmental,Aquatic,Marine,Hydrothermal vents,Sediment,marine sediment,
4727,Ga0366826_1020754,3300033142,3300033142 assembled Ga0366826_10207545,Ga0366826_10207545,methyl-coenzyme M reductase alpha subunit,"Subseafloor sediment microbial communities from Guaymas Basin, Gulf of California, Mexico - Megamat, Core 4486-22, Meg22, 0-2 cm (*) (MER-FS) (assembled)",1,1468,NA,*Microbiome,Permanent Draft,"Subseafloor sediment microbial communities from Guaymas Basin, Gulf of California, Mexico","Subseafloor sediment microbial communities from Guaymas Basin, Gulf of California, Mexico - Megamat, Core 4486-22, Meg22, 0-2 cm",Michigan State University,Environmental,Aquatic,Marine,Hydrothermal vents,Sediment,"Subseafloor sediment microbial communities from Guaymas Basin, Gulf of California, Mexico",NA,NA,NA,NA,NA,NA,NA,,Illumina HiSeq 4000,Level 1: Standard Draft,Complete,Metagenome,Environmental,Aquatic,Hydrothermal vents,Marine,Sediment,marine sediment,,,,NA,1250093956,1438288,3300033142 assembled Ga0366826_1020754,3300033142,assembled,"Subseafloor sediment microbial communities from Guaymas Basin, Gulf of California, Mexico - Megamat, Core 4486-22, Meg22, 0-2 cm (*)",10,9217,Archaea,Euryarchaeota,Methanomicrobia,Methanosarcinales,,,,Archaea; Euryarchaeota; Methanomicrobia; Methanosarcinales,80,Archaea,Euryarchaeota,Methanomicrobia,Methanosarcinales,,,,Archaea; Euryarchaeota; Methanomicrobia; Methanosarcinales,70,,,,,,,,,NA,NA,NA,Environmental,Aquatic,Marine,Hydrothermal vents,Sediment,marine sediment,
4728,Ga0366826_1195547,3300033142,3300033142 assembled Ga0366826_11955472,Ga0366826_11955472,methyl-coenzyme M reductase alpha subunit,"Subseafloor sediment microbial communities from Guaymas Basin, Gulf of California, Mexico - Megamat, Core 4486-22, Meg22, 0-2 cm (*) (MER-FS) (assembled)",1,1468,NA,*Microbiome,Permanent Draft,"Subseafloor sediment microbial communities from Guaymas Basin, Gulf of California, Mexico","Subseafloor sediment microbial communities from Guaymas Basin, Gulf of California, Mexico - Megamat, Core 4486-22, Meg22, 0-2 cm",Michigan State University,Environmental,Aquatic,Marine,Hydrothermal vents,Sediment,"Subseafloor sediment microbial communities from Guaymas Basin, Gulf of California, Mexico",NA,NA,NA,NA,NA,NA,NA,,Illumina HiSeq 4000,Level 1: Standard Draft,Complete,Metagenome,Environmental,Aquatic,Hydrothermal vents,Marine,Sediment,marine sediment,,,,NA,1250093956,1438288,3300033142 assembled Ga0366826_1195547,3300033142,assembled,"Subseafloor sediment microbial communities from Guaymas Basin, Gulf of California, Mexico - Megamat, Core 4486-22, Meg22, 0-2 cm (*)",2,2391,Archaea,Euryarchaeota,Methanomicrobia,,,,,Archaea; Euryarchaeota; Methanomicrobia,100,Archaea,Euryarchaeota,Methanomicrobia,,,,,Archaea; Euryarchaeota; Methanomicrobia,100,,,,,,,,,NA,NA,NA,Environmental,Aquatic,Marine,Hydrothermal vents,Sediment,marine sediment,
4730,Ga0366827_1039477,3300033155,3300033155 assembled Ga0366827_10394775,Ga0366827_10394775,methyl-coenzyme M reductase alpha subunit,"Subseafloor sediment microbial communities from Guaymas Basin, Gulf of California, Mexico - Megamat, Core 4486-22, Meg22, 2-4 cm (*) (MER-FS) (assembled)",1,1477,NA,*Microbiome,Permanent Draft,"Subseafloor sediment microbial communities from Guaymas Basin, Gulf of California, Mexico","Subseafloor sediment microbial communities from Guaymas Basin, Gulf of California, Mexico - Megamat, Core 4486-22, Meg22, 2-4 cm",Michigan State University,Environmental,Aquatic,Marine,Hydrothermal vents,Sediment,"Subseafloor sediment microbial communities from Guaymas Basin, Gulf of California, Mexico",NA,NA,NA,NA,NA,NA,NA,,Illumina HiSeq 4000,Level 1: Standard Draft,Complete,Metagenome,Environmental,Aquatic,Hydrothermal vents,Marine,Sediment,marine sediment,,,,NA,1346661274,1538848,3300033155 assembled Ga0366827_1039477,3300033155,assembled,"Subseafloor sediment microbial communities from Guaymas Basin, Gulf of California, Mexico - Megamat, Core 4486-22, Meg22, 2-4 cm (*)",9,8840,Archaea,Euryarchaeota,Methanomicrobia,Methanosarcinales,unclassified,unclassified,unclassified,Archaea; Euryarchaeota; Methanomicrobia; Methanosarcinales; unclassified; unclassified; unclassified,56,Archaea,Euryarchaeota,Methanomicrobia,Methanosarcinales,unclassified,unclassified,unclassified,Archaea; Euryarchaeota; Methanomicrobia; Methanosarcinales; unclassified; unclassified; unclassified,56,,,,,,,,,NA,NA,NA,Environmental,Aquatic,Marine,Hydrothermal vents,Sediment,marine sediment,
4731,Ga0366827_1067376,3300033155,3300033155 assembled Ga0366827_10673761,Ga0366827_10673761,methyl-coenzyme M reductase alpha subunit,"Subseafloor sediment microbial communities from Guaymas Basin, Gulf of California, Mexico - Megamat, Core 4486-22, Meg22, 2-4 cm (*) (MER-FS) (assembled)",1,1477,NA,*Microbiome,Permanent Draft,"Subseafloor sediment microbial communities from Guaymas Basin, Gulf of California, Mexico","Subseafloor sediment microbial communities from Guaymas Basin, Gulf of California, Mexico - Megamat, Core 4486-22, Meg22, 2-4 cm",Michigan State University,Environmental,Aquatic,Marine,Hydrothermal vents,Sediment,"Subseafloor sediment microbial communities from Guaymas Basin, Gulf of California, Mexico",NA,NA,NA,NA,NA,NA,NA,,Illumina HiSeq 4000,Level 1: Standard Draft,Complete,Metagenome,Environmental,Aquatic,Hydrothermal vents,Marine,Sediment,marine sediment,,,,NA,1346661274,1538848,3300033155 assembled Ga0366827_1067376,3300033155,assembled,"Subseafloor sediment microbial communities from Guaymas Basin, Gulf of California, Mexico - Megamat, Core 4486-22, Meg22, 2-4 cm (*)",4,4167,Archaea,Euryarchaeota,Methanomicrobia,,,,,Archaea; Euryarchaeota; Methanomicrobia,75,Archaea,Euryarchaeota,Methanomicrobia,,,,,Archaea; Euryarchaeota; Methanomicrobia,75,,,,,,,,,NA,NA,NA,Environmental,Aquatic,Marine,Hydrothermal vents,Sediment,marine sediment,
4732,Ga0366829_1109702,3300033143,3300033143 assembled Ga0366829_11097025,Ga0366829_11097025,methyl-coenzyme M reductase alpha subunit,"Subseafloor sediment microbial communities from Guaymas Basin, Gulf of California, Mexico - Megamat, Core 4486-22, Meg22, 4-6 cm (*) (MER-FS) (assembled)",1,1469,NA,*Microbiome,Permanent Draft,"Subseafloor sediment microbial communities from Guaymas Basin, Gulf of California, Mexico","Subseafloor sediment microbial communities from Guaymas Basin, Gulf of California, Mexico - Megamat, Core 4486-22, Meg22, 4-6 cm",Michigan State University,Environmental,Aquatic,Marine,Hydrothermal vents,Sediment,"Subseafloor sediment microbial communities from Guaymas Basin, Gulf of California, Mexico",NA,NA,NA,NA,NA,NA,NA,,Illumina HiSeq 4000,Level 1: Standard Draft,Complete,Metagenome,Environmental,Aquatic,Hydrothermal vents,Marine,Sediment,marine sediment,,,,NA,1556713121,1793470,3300033143 assembled Ga0366829_1109702,3300033143,assembled,"Subseafloor sediment microbial communities from Guaymas Basin, Gulf of California, Mexico - Megamat, Core 4486-22, Meg22, 4-6 cm (*)",5,3541,Archaea,Euryarchaeota,Methanomicrobia,Methanosarcinales,,,,Archaea; Euryarchaeota; Methanomicrobia; Methanosarcinales,60,Archaea,Euryarchaeota,Methanomicrobia,Methanosarcinales,,,,Archaea; Euryarchaeota; Methanomicrobia; Methanosarcinales,100,,,,,,,,,NA,NA,NA,Environmental,Aquatic,Marine,Hydrothermal vents,Sediment,marine sediment,
4740,Ga0366832_1232947,3300033148,3300033148 assembled Ga0366832_12329471,Ga0366832_12329471,methyl-coenzyme M reductase alpha subunit,"Subseafloor sediment microbial communities from Guaymas Basin, Gulf of California, Mexico - Megamat, Core 4486-22, Meg22, 8-10 cm (*) (MER-FS) (assembled)",1,1473,NA,*Microbiome,Permanent Draft,"Subseafloor sediment microbial communities from Guaymas Basin, Gulf of California, Mexico","Subseafloor sediment microbial communities from Guaymas Basin, Gulf of California, Mexico - Megamat, Core 4486-22, Meg22, 8-10 cm",Michigan State University,Environmental,Aquatic,Marine,Hydrothermal vents,Sediment,"Subseafloor sediment microbial communities from Guaymas Basin, Gulf of California, Mexico",NA,NA,NA,NA,NA,NA,NA,,Illumina HiSeq 4000,Level 1: Standard Draft,Complete,Metagenome,Environmental,Aquatic,Hydrothermal vents,Marine,Sediment,marine sediment,,,,NA,1495525541,1678496,3300033148 assembled Ga0366832_1232947,3300033148,assembled,"Subseafloor sediment microbial communities from Guaymas Basin, Gulf of California, Mexico - Megamat, Core 4486-22, Meg22, 8-10 cm (*)",2,2054,Archaea,Euryarchaeota,Methanomicrobia,,,,,Archaea; Euryarchaeota; Methanomicrobia,100,Archaea,Euryarchaeota,Methanomicrobia,,,,,Archaea; Euryarchaeota; Methanomicrobia,100,,,,,,,,,NA,NA,NA,Environmental,Aquatic,Marine,Hydrothermal vents,Sediment,marine sediment,
4765,Ga0366835_1015510,3300033150,3300033150 assembled Ga0366835_10155108,Ga0366835_10155108,methyl-coenzyme M reductase alpha subunit,"Subseafloor sediment microbial communities from Guaymas Basin, Gulf of California, Mexico - Megamat, Core 4486-22, Meg22, 14-16 cm (*) (MER-FS) (assembled)",1,1474,NA,*Microbiome,Permanent Draft,"Subseafloor sediment microbial communities from Guaymas Basin, Gulf of California, Mexico","Subseafloor sediment microbial communities from Guaymas Basin, Gulf of California, Mexico - Megamat, Core 4486-22, Meg22, 14-16 cm",Michigan State University,Environmental,Aquatic,Marine,Hydrothermal vents,Sediment,"Subseafloor sediment microbial communities from Guaymas Basin, Gulf of California, Mexico",NA,NA,NA,NA,NA,NA,NA,,Illumina HiSeq 4000,Level 1: Standard Draft,Complete,Metagenome,Environmental,Aquatic,Hydrothermal vents,Marine,Sediment,marine sediment,,,,NA,988959530,1070433,3300033150 assembled Ga0366835_1015510,3300033150,assembled,"Subseafloor sediment microbial communities from Guaymas Basin, Gulf of California, Mexico - Megamat, Core 4486-22, Meg22, 14-16 cm (*)",22,18879,Archaea,Euryarchaeota,,,,,,Archaea; Euryarchaeota,64,Archaea,Euryarchaeota,,,,,,Archaea; Euryarchaeota,59,,,,,,,,,NA,NA,NA,Environmental,Aquatic,Marine,Hydrothermal vents,Sediment,marine sediment,
4769,Ga0366836_1003103,3300033156,3300033156 assembled Ga0366836_10031034,Ga0366836_10031034,methyl-coenzyme M reductase alpha subunit,"Subseafloor sediment microbial communities from Guaymas Basin, Gulf of California, Mexico - Megamat, Core 4486-22, Meg22, 16-18 cm (*) (MER-FS) (assembled)",1,1478,NA,*Microbiome,Permanent Draft,"Subseafloor sediment microbial communities from Guaymas Basin, Gulf of California, Mexico","Subseafloor sediment microbial communities from Guaymas Basin, Gulf of California, Mexico - Megamat, Core 4486-22, Meg22, 16-18 cm",Michigan State University,Environmental,Aquatic,Marine,Hydrothermal vents,Sediment,"Subseafloor sediment microbial communities from Guaymas Basin, Gulf of California, Mexico",NA,NA,NA,NA,NA,NA,NA,,Illumina HiSeq 4000,Level 1: Standard Draft,Complete,Metagenome,Environmental,Aquatic,Hydrothermal vents,Marine,Sediment,marine sediment,,,,NA,644378732,713818,3300033156 assembled Ga0366836_1003103,3300033156,assembled,"Subseafloor sediment microbial communities from Guaymas Basin, Gulf of California, Mexico - Megamat, Core 4486-22, Meg22, 16-18 cm (*)",27,27180,Archaea,Euryarchaeota,Methanomicrobia,Methanosarcinales,,,,Archaea; Euryarchaeota; Methanomicrobia; Methanosarcinales,59,Archaea,Euryarchaeota,Methanomicrobia,Methanosarcinales,,,,Archaea; Euryarchaeota; Methanomicrobia; Methanosarcinales,56,,,,,,,,,NA,NA,NA,Environmental,Aquatic,Marine,Hydrothermal vents,Sediment,marine sediment,
4772,Ga0366837_1118736,3300033151,3300033151 assembled Ga0366837_11187362,Ga0366837_11187362,methyl-coenzyme M reductase alpha subunit,"Subseafloor sediment microbial communities from Guaymas Basin, Gulf of California, Mexico - Aceto Balsamico, Core 4573-23, AB, 0-3 cm (*) (MER-FS) (assembled)",1,1475,NA,*Microbiome,Permanent Draft,"Subseafloor sediment microbial communities from Guaymas Basin, Gulf of California, Mexico","Subseafloor sediment microbial communities from Guaymas Basin, Gulf of California, Mexico - Aceto Balsamico, Core 4573-23, AB, 0-3 cm",Michigan State University,Environmental,Aquatic,Marine,Hydrothermal vents,Sediment,"Subseafloor sediment microbial communities from Guaymas Basin, Gulf of California, Mexico",NA,NA,NA,NA,NA,NA,NA,,Illumina HiSeq 4000,Level 1: Standard Draft,Complete,Metagenome,Environmental,Aquatic,Hydrothermal vents,Marine,Sediment,marine sediment,,,,NA,896120870,990079,3300033151 assembled Ga0366837_1118736,3300033151,assembled,"Subseafloor sediment microbial communities from Guaymas Basin, Gulf of California, Mexico - Aceto Balsamico, Core 4573-23, AB, 0-3 cm (*)",3,2622,,,,,,,,,NA,,,,,,,,,NA,,,,,,,,,NA,NA,NA,Environmental,Aquatic,Marine,Hydrothermal vents,Sediment,marine sediment,
4794,Ga0370355_1008029,3300033388,3300033388 assembled Ga0370355_10080295,Ga0370355_10080295,methyl-coenzyme M reductase alpha subunit,"Subseafloor sediment microbial communities from Guaymas Basin, Gulf of California, Mexico - Aceto Balsamico, Core 4573-23, AB, 12-15 cm re-analysis (*) (MER-FS) (assembled)",1,1496,NA,*Microbiome,Permanent Draft,"Subseafloor sediment microbial communities from Guaymas Basin, Gulf of California, Mexico","Subseafloor sediment microbial communities from Guaymas Basin, Gulf of California, Mexico - Aceto Balsamico, Core 4573-23, AB, 12-15 cm re-analysis",Michigan State University,Environmental,Aquatic,Marine,Hydrothermal vents,Sediment,"Subseafloor sediment microbial communities from Guaymas Basin, Gulf of California, Mexico",NA,NA,NA,NA,NA,NA,NA,,Illumina HiSeq 4000,Level 1: Standard Draft,Complete,Metagenome,Environmental,Aquatic,Hydrothermal vents,Marine,Sediment,marine sediment,,,,NA,700752333,886388,3300033388 assembled Ga0370355_1008029,3300033388,assembled,"Subseafloor sediment microbial communities from Guaymas Basin, Gulf of California, Mexico - Aceto Balsamico, Core 4573-23, AB, 12-15 cm re-analysis (*)",9,8900,Archaea,Euryarchaeota,Methanomicrobia,Methanosarcinales,unclassified,unclassified,unclassified,Archaea; Euryarchaeota; Methanomicrobia; Methanosarcinales; unclassified; unclassified; unclassified,56,Archaea,Euryarchaeota,Methanomicrobia,Methanosarcinales,unclassified,unclassified,unclassified,Archaea; Euryarchaeota; Methanomicrobia; Methanosarcinales; unclassified; unclassified; unclassified,56,,,,,,,,,NA,NA,NA,Environmental,Aquatic,Marine,Hydrothermal vents,Sediment,marine sediment,
5558,Ga0401162_00046,3300038697,3300038697 assembled Ga0401162_00046_884_2569,null,methyl-coenzyme M reductase alpha subunit,"Marine methane seep sediment microbial communities from Santa Monica Basin, California, USA - 7142 (*) (MER-FS) (assembled)",1,1926,NA,*Microbiome,Permanent Draft,"Marine methane seep sediment microbial communities from Santa Monica Basin, California, USA","Marine methane seep sediment microbial communities from Santa Monica Basin, California, USA - 7142",University of Queensland,Environmental,Aquatic,Marine,Cold seeps,Sediment,"Marine methane seep sediment microbial communities from Santa Monica Basin, California, USA",NA,NA,NA,NA,NA,NA,NA,,Illumina NextSeq 500,Level 3: Improved-High-Quality Draft,Complete,Metagenome,Environmental,Aquatic,Cold seeps,Marine,Sediment,marine methanseep sediment,,,,NA,21617233,31807,3300038697 assembled Ga0401162_00046,3300038697,assembled,"Marine methane seep sediment microbial communities from Santa Monica Basin, California, USA - 7142 (*)",8,7757,Archaea,Euryarchaeota,Methanomicrobia,Methanosarcinales,,,,Archaea; Euryarchaeota; Methanomicrobia; Methanosarcinales,38,Archaea,Euryarchaeota,Methanomicrobia,Methanosarcinales,,,,Archaea; Euryarchaeota; Methanomicrobia; Methanosarcinales,38,,,,,,,,,NA,NA,NA,Environmental,Aquatic,Marine,Cold seeps,Sediment,marine methanseep sediment,
5899,Ga0438695_0259696,3300039254,3300039254 assembled Ga0438695_0259696_2_1357,null,methyl-coenzyme M reductase alpha subunit,"Tubeworm-associated microbial communities from Endeavour hydrothermal vents, Juan de Fuca Ridge, Canada - low-flow bush MVw13 (*) (MER-FS) (assembled)",1,1973,NA,*Microbiome,Permanent Draft,"Tubeworm-associated microbial communities from Endeavour hydrothermal vents, Juan de Fuca Ridge, Canada","Tubeworm-associated microbial communities from Endeavour hydrothermal vents, Juan de Fuca Ridge, Canada - low-flow bush MVw13",Dalhousie University,Environmental,Aquatic,Marine,Hydrothermal vents,Tubeworm bush,"Tubeworm-associated microbial communities from Endeavour hydrothermal vents, Juan de Fuca Ridge, Canada",NA,NA,NA,NA,NA,NA,NA,,Illumina NextSeq 550,Level 1: Standard Draft,Complete,Metagenome,Environmental,Aquatic,Hydrothermal vents,Marine,Tubeworm bush,tubeworm bush,,,,NA,902422886,1873348,3300039254 assembled Ga0438695_0259696,3300039254,assembled,"Tubeworm-associated microbial communities from Endeavour hydrothermal vents, Juan de Fuca Ridge, Canada - low-flow bush MVw13 (*)",1,1388,Archaea,Euryarchaeota,Methanomicrobia,Methanotrichales,Methanotrichaceae,Methanothrix,Methanothrix thermoacetophila,Archaea; Euryarchaeota; Methanomicrobia; Methanotrichales; Methanotrichaceae; Methanothrix; Methanothrix thermoacetophila,100,Archaea,Euryarchaeota,Methanomicrobia,Methanotrichales,Methanotrichaceae,Methanothrix,Methanothrix thermoacetophila,Archaea; Euryarchaeota; Methanomicrobia; Methanotrichales; Methanotrichaceae; Methanothrix; Methanothrix thermoacetophila,100,,,,,,,,,NA,NA,NA,Environmental,Aquatic,Marine,Hydrothermal vents,Tubeworm bush,tubeworm bush,
6262,Ga0466254_065428,3300042087,3300042087 assembled Ga0466254_065428_7465_9150,null,methyl-coenzyme M reductase alpha subunit,"Sediment microbial communities from Haima cold seep, South China Sea, China - SY70.4.8_HM2C (*) (MER-FS) (assembled)",1,2117,NA,*Microbiome,Permanent Draft,"Sediment microbial communities from Haima cold seep, South China Sea, China","Sediment microbial communities from Haima cold seep, South China Sea, China - SY70.4.8_HM2C",Shanghai Majorbio Bio-pharm Technology Co.,Environmental,Aquatic,Marine,Cold seeps,Sediment,"Sediment microbial communities from Haima cold seep, South China Sea, China",NA,NA,NA,NA,NA,NA,NA,,Illumina NovaSeq,Level 1: Standard Draft,Complete,Metagenome,Environmental,Aquatic,Cold seeps,Marine,Sediment,Sediment,,,,NA,402944679,479018,3300042087 assembled Ga0466254_065428,3300042087,assembled,"Sediment microbial communities from Haima cold seep, South China Sea, China - SY70.4.8_HM2C (*)",12,11212,Archaea,Euryarchaeota,Methanomicrobia,Methanosarcinales,,,,Archaea; Euryarchaeota; Methanomicrobia; Methanosarcinales,67,Archaea,Euryarchaeota,Methanomicrobia,Methanosarcinales,,,,Archaea; Euryarchaeota; Methanomicrobia; Methanosarcinales,67,,,,,,,,,NA,NA,NA,Environmental,Aquatic,Marine,Cold seeps,Sediment,Sediment,
7965,JGI24024J18818_10002161,3300001685,3300001685 assembled JGI24024J18818_100021615,JGI24024J18818_100021615,"Methyl coenzyme M reductase, alpha subunit","Oil polluted marine microbial communities from Coal Oil Point, Santa Barbara, California, USA - Sample 2 (*) (MER-FS) (assembled)",1,100,NA,*Microbiome,Permanent Draft,Marine microbial communities from the Santa Barbara Channel oil seeps,"Oil polluted marine microbial communities from Coal Oil Point, Santa Barbara, California, USA - Sample 2",DOE Joint Genome Institute  (JGI),Environmental,Aquatic,Marine,Oil seeps,Unclassified,Marine microbial communities from the Santa Barbara Channel oil seeps,NA,NA,NA,NA,NA,NA,NA,26.1466x,Illumina HiSeq 2500,Level 1: Standard Draft,Complete,Metagenome,Environmental,Aquatic,Oil seeps,Marine,Unclassified,Marine,,,,NA,495862225,1143552,3300001685 assembled JGI24024J18818_10002161,3300001685,assembled,"Oil polluted marine microbial communities from Coal Oil Point, Santa Barbara, California, USA - Sample 2 (*)",11,8257,Archaea,Euryarchaeota,Methanomicrobia,,,,,Archaea; Euryarchaeota; Methanomicrobia,82,Archaea,Euryarchaeota,Methanomicrobia,,,,,Archaea; Euryarchaeota; Methanomicrobia,64,,,,,,,,,NA,NA,NA,Environmental,Aquatic,Marine,Oil seeps,Unclassified,Marine,
